stage,relative_path,filename,language,line_count,inferred_purpose,main_flow,inferred_order,reads_upstream,calls_top_level_R_API,defines_local_functions,generates_figures,generates_tables,saves_objects,suspected_debug,suspected_legacy,candidate_level,validation_candidate,rationale,confidence
01,01-scrna-qc/scripts/01-cellranger.sh,01-cellranger.sh,Bash,37,run Cell Ranger count workflow,parameters/input -> quantify or QC -> inspect -> save,01,no/unclear,no,no,no/unclear,no/unclear,no/unclear,no-evidence,no-evidence,holdout,yes,reserved to test generalization,n/a
01,01-scrna-qc/scripts/02-starsolo.sh,02-starsolo.sh,Bash,86,run STARsolo count workflow,parameters/input -> quantify or QC -> inspect -> save,02,no/unclear,no,no,no/unclear,no/unclear,no/unclear,no-evidence,no-evidence,secondary,no,complementary language or boundary evidence,medium-high
01,01-scrna-qc/scripts/03-calculate_metrics.R,03-calculate_metrics.R,R,175,calculate and visualize QC metrics,parameters/input -> quantify or QC -> inspect -> save,03,yes,yes,no,yes,yes,no/unclear,interactive-check,no-evidence,primary,no,strong linear/scientific-decision evidence,high
02,02-annotation/scripts/01-HS_BM_manual_annotation.R,01-HS_BM_manual_annotation.R,R,227,manual bone-marrow annotation,load/QC -> reduce/cluster -> decide annotation -> save,01,yes,yes,no,yes,yes,yes,interactive-check,no-evidence,primary,no,strong linear/scientific-decision evidence,high
02,02-annotation/scripts/02-HS_BM_auto_annotation-part1.R,02-HS_BM_auto_annotation-part1.R,R,68,automated annotation preparation,load/QC -> reduce/cluster -> decide annotation -> save,02,yes,yes,no,yes,no/unclear,no/unclear,no-evidence,no-evidence,secondary,no,complementary language or boundary evidence,medium-high
02,02-annotation/scripts/03-HS_BM_auto_annotation-part2.R,03-HS_BM_auto_annotation-part2.R,R,173,automated annotation continuation,load/QC -> reduce/cluster -> decide annotation -> save,03,yes,yes,no,yes,yes,yes,no-evidence,no-evidence,holdout,yes,reserved to test generalization,n/a
02,02-annotation/scripts/04-HS_BM_auto_resolution.R,04-HS_BM_auto_resolution.R,R,189,compare clustering resolutions,load/QC -> reduce/cluster -> decide annotation -> save,04,yes,yes,no,yes,yes,yes,no-evidence,no-evidence,secondary,no,complementary language or boundary evidence,medium-high
02,02-annotation/scripts/05-HS_PBMC_auto_run.R,05-HS_PBMC_auto_run.R,R,190,automated PBMC annotation,load/QC -> reduce/cluster -> decide annotation -> save,05,yes,yes,no,yes,yes,yes,no-evidence,no-evidence,primary,no,strong linear/scientific-decision evidence,high
03,03-integration/scripts/01-check-batch-effect.R,01-check-batch-effect.R,R,73,inspect uncorrected batch effects,load/baseline -> integrate -> diagnose -> export,01,yes,no,no,yes,no/unclear,yes,no-evidence,no-evidence,secondary,no,complementary language or boundary evidence,medium-high
03,03-integration/scripts/02-inter-rpca.R,02-inter-rpca.R,R,65,integrate samples with RPCA,load/baseline -> integrate -> diagnose -> export,02,yes,no,no,yes,no/unclear,yes,no-evidence,no-evidence,primary,no,strong linear/scientific-decision evidence,high
03,03-integration/scripts/03-inter-harmony.R,03-inter-harmony.R,R,59,integrate samples with Harmony,load/baseline -> integrate -> diagnose -> export,03,yes,no,no,yes,no/unclear,yes,no-evidence,no-evidence,holdout,yes,reserved to test generalization,n/a
03,03-integration/scripts/04-save-data.R,04-save-data.R,R,31,export integrated data,load/baseline -> integrate -> diagnose -> export,04,yes,no,no,no/unclear,yes,no/unclear,no-evidence,no-evidence,secondary,no,complementary language or boundary evidence,medium-high
04,04-grn/scripts/01-metacell.R,01-metacell.R,R,324,construct and inspect metacells,prepare -> call tool/API -> inspect regulons -> output,01,yes,no,yes,yes,yes,yes,no-evidence,no-evidence,primary,no,strong linear/scientific-decision evidence,high
04,04-grn/scripts/02-regulon2gmt.py,02-regulon2gmt.py,Python,42,convert regulons to GMT,prepare -> call tool/API -> inspect regulons -> output,02,no/unclear,no,yes,no/unclear,no/unclear,no/unclear,no-evidence,no-evidence,secondary,no,complementary language or boundary evidence,medium-high
04,04-grn/scripts/02-regulon_activity_score.R,02-regulon_activity_score.R,R,85,define regulon activity scoring API,prepare -> call tool/API -> inspect regulons -> output,02,yes,no,yes,no/unclear,no/unclear,yes,no-evidence,no-evidence,counterexample,no,API-like; may overrepresent engineering,medium
04,04-grn/scripts/02-run_pyscenic.sh,02-run_pyscenic.sh,Bash,53,run pySCENIC workflow,prepare -> call tool/API -> inspect regulons -> output,02,no/unclear,no,no,no/unclear,no/unclear,no/unclear,no-evidence,no-evidence,secondary,no,complementary language or boundary evidence,medium-high
04,04-grn/scripts/03-unsupervised_partI.R,03-unsupervised_partI.R,R,252,unsupervised regulon analysis part I,prepare -> call tool/API -> inspect regulons -> output,03,yes,no,yes,yes,yes,no/unclear,no-evidence,no-evidence,primary,no,strong linear/scientific-decision evidence,high
04,04-grn/scripts/03-unsupervised_partII.R,03-unsupervised_partII.R,R,118,unsupervised regulon analysis part II,prepare -> call tool/API -> inspect regulons -> output,03,yes,yes,no,yes,yes,no/unclear,no-evidence,no-evidence,secondary,no,complementary language or boundary evidence,medium-high
04,04-grn/scripts/04-hypothesis_driven_partI.R,04-hypothesis_driven_partI.R,R,342,hypothesis-driven GRN analysis part I,prepare -> call tool/API -> inspect regulons -> output,04,yes,yes,yes,yes,no/unclear,no/unclear,no-evidence,no-evidence,secondary,no,complementary language or boundary evidence,medium-high
04,04-grn/scripts/04-hypothesis_driven_partII.R,04-hypothesis_driven_partII.R,R,165,hypothesis-driven GRN analysis part II,prepare -> call tool/API -> inspect regulons -> output,04,yes,yes,no,yes,yes,yes,no-evidence,no-evidence,special-status-unclassified,no,user-confirmed special role not documented in README,uncertain
04,04-grn/scripts/04-hypothesis_driven_partIII.R,04-hypothesis_driven_partIII.R,R,221,hypothesis-driven GRN analysis part III,prepare -> call tool/API -> inspect regulons -> output,04,yes,yes,no,yes,no/unclear,no/unclear,no-evidence,no-evidence,primary,no,strong linear/scientific-decision evidence,high
04,04-grn/scripts/04-hypothesis_driven_partIV.R,04-hypothesis_driven_partIV.R,R,217,hypothesis-driven GRN analysis part IV,prepare -> call tool/API -> inspect regulons -> output,04,yes,yes,no,yes,yes,no/unclear,no-evidence,no-evidence,holdout,yes,reserved to test generalization,n/a
04,04-grn/scripts/05-cell_type_specific_regulon.R,05-cell_type_specific_regulon.R,R,66,analyze cell-type-specific regulons,prepare -> call tool/API -> inspect regulons -> output,05,yes,yes,no,yes,no/unclear,no/unclear,no-evidence,no-evidence,secondary,no,complementary language or boundary evidence,medium-high
04,04-grn/scripts/06-screen_TFs_for_given_target.R,06-screen_TFs_for_given_target.R,R,222,screen TFs for target genes,prepare -> call tool/API -> inspect regulons -> output,06,yes,yes,yes,no/unclear,yes,yes,interactive-check,no-evidence,special-status-unclassified,no,user-confirmed special role not documented in README,uncertain
05,05-from-pathway-to-program/scripts/02-interpret_cNMF_results_part1.R,02-interpret_cNMF_results_part1.R,R,106,interpret cNMF activities and variance,load programs -> score/enrich -> visualize -> output,02,yes,yes,no,yes,no/unclear,no/unclear,no-evidence,no-evidence,primary,no,strong linear/scientific-decision evidence,high
05,05-from-pathway-to-program/scripts/02-interpret_cNMF_results_part2.R,02-interpret_cNMF_results_part2.R,R,45,interpret cNMF top genes,load programs -> score/enrich -> visualize -> output,02,yes,no,yes,yes,no/unclear,no/unclear,interactive-check,no-evidence,secondary,no,complementary language or boundary evidence,medium-high
05,05-from-pathway-to-program/scripts/03-pathway_activity.R,03-pathway_activity.R,R,114,score and compare pathway activity,load programs -> score/enrich -> visualize -> output,03,yes,no,no,yes,no/unclear,yes,no-evidence,no-evidence,primary,no,strong linear/scientific-decision evidence,high
05,05-from-pathway-to-program/scripts/04-metabolisum_activity.R,04-metabolisum_activity.R,R,84,score and compare metabolism activity,load programs -> score/enrich -> visualize -> output,04,yes,no,no,yes,no/unclear,no/unclear,no-evidence,no-evidence,holdout,yes,reserved to test generalization,n/a
06,06-lr-pairs/scripts/01-data-summary.R,01-data-summary.R,R,56,summarize LR input data,prepare -> CellChat/compare -> focus/visualize -> output,01,yes,no,no,yes,no/unclear,yes,no-evidence,no-evidence,secondary,no,complementary language or boundary evidence,medium-high
06,06-lr-pairs/scripts/02-epithelial-prepare.R,02-epithelial-prepare.R,R,67,prepare epithelial CellChat input,prepare -> CellChat/compare -> focus/visualize -> output,02,yes,no,no,yes,yes,yes,no-evidence,no-evidence,secondary,no,complementary language or boundary evidence,medium-high
06,06-lr-pairs/scripts/03-cellchat-standard.R,03-cellchat-standard.R,R,118,run standard CellChat per sample,prepare -> CellChat/compare -> focus/visualize -> output,03,yes,no,yes,no/unclear,yes,yes,no-evidence,no-evidence,primary,no,strong linear/scientific-decision evidence,high
06,06-lr-pairs/scripts/04-cellchat-visualize.R,04-cellchat-visualize.R,R,93,visualize CellChat networks,prepare -> CellChat/compare -> focus/visualize -> output,04,yes,no,no,yes,yes,no/unclear,no-evidence,no-evidence,secondary,no,complementary language or boundary evidence,medium-high
06,06-lr-pairs/scripts/05-cellchat-stage-compare-LRnum.R,05-cellchat-stage-compare-LRnum.R,R,164,compare stage LR counts,prepare -> CellChat/compare -> focus/visualize -> output,05,yes,no,no,yes,yes,no/unclear,no-evidence,no-evidence,primary,no,strong linear/scientific-decision evidence,high
06,06-lr-pairs/scripts/05-cellchat-stage-compare-weight.R,05-cellchat-stage-compare-weight.R,R,187,compare stage interaction weights,prepare -> CellChat/compare -> focus/visualize -> output,05,yes,no,no,yes,yes,no/unclear,no-evidence,no-evidence,holdout,yes,reserved to test generalization,n/a
06,06-lr-pairs/scripts/06-cellchat-lr-focus.R,06-cellchat-lr-focus.R,R,180,focus selected ligand-receptor pairs,prepare -> CellChat/compare -> focus/visualize -> output,06,yes,no,yes,yes,no/unclear,no/unclear,no-evidence,no-evidence,secondary,no,complementary language or boundary evidence,medium-high
06,06-lr-pairs/scripts/07-cellchat-lr-avg-barplot.R,07-cellchat-lr-avg-barplot.R,R,146,plot average LR expression,prepare -> CellChat/compare -> focus/visualize -> output,07,yes,no,no,yes,yes,no/unclear,no-evidence,no-evidence,primary,no,strong linear/scientific-decision evidence,high
07,07-trajectory/scripts/01-trajectory-dr-fdg-dims.R,01-trajectory-dr-fdg-dims.R,R,117,compare FDG dimensions,load -> choose lineage -> model dynamics -> interpret/output,01,yes,no,yes,yes,yes,no/unclear,no-evidence,no-evidence,not-selected,no,limited incremental style evidence; status not deprecated,medium
07,07-trajectory/scripts/01-trajectory-dr-fdg-k.R,01-trajectory-dr-fdg-k.R,R,111,compare FDG k values,load -> choose lineage -> model dynamics -> interpret/output,01,yes,no,yes,yes,yes,no/unclear,no-evidence,no-evidence,not-selected,no,limited incremental style evidence; status not deprecated,medium
07,07-trajectory/scripts/01-trajectory-dr.R,01-trajectory-dr.R,R,147,run trajectory dimensionality reduction,load -> choose lineage -> model dynamics -> interpret/output,01,yes,no,yes,yes,yes,yes,no-evidence,no-evidence,primary,no,strong linear/scientific-decision evidence,high
07,07-trajectory/scripts/02-lineage-picker.R,02-lineage-picker.R,R,38,inspect candidate lineages,load -> choose lineage -> model dynamics -> interpret/output,02,yes,no,no,no/unclear,no/unclear,no/unclear,no-evidence,no-evidence,secondary,no,complementary language or boundary evidence,medium-high
07,07-trajectory/scripts/03-lineage-mst.R,03-lineage-mst.R,R,159,construct lineage MST,load -> choose lineage -> model dynamics -> interpret/output,03,yes,yes,no,yes,yes,yes,no-evidence,no-evidence,primary,no,strong linear/scientific-decision evidence,high
07,07-trajectory/scripts/04-1-lineage-pcurve-Mega.R,04-1-lineage-pcurve-Mega.R,R,75,fit Mega principal curve,load -> choose lineage -> model dynamics -> interpret/output,04-1,yes,yes,no,yes,no/unclear,yes,no-evidence,no-evidence,not-selected,no,limited incremental style evidence; status not deprecated,medium
07,07-trajectory/scripts/04-2-lineage-pcurve-Ery.R,04-2-lineage-pcurve-Ery.R,R,75,fit Ery principal curve,load -> choose lineage -> model dynamics -> interpret/output,04-2,yes,yes,no,yes,no/unclear,yes,no-evidence,no-evidence,secondary,no,complementary language or boundary evidence,medium-high
07,07-trajectory/scripts/04-3-lineage-pcurve-Mono.R,04-3-lineage-pcurve-Mono.R,R,75,fit Mono principal curve,load -> choose lineage -> model dynamics -> interpret/output,04-3,yes,yes,no,yes,no/unclear,yes,no-evidence,no-evidence,holdout,yes,confirmed branch-generalization test,n/a
07,07-trajectory/scripts/04-4-lineage-pcurve-CLP.R,04-4-lineage-pcurve-CLP.R,R,75,fit CLP principal curve,load -> choose lineage -> model dynamics -> interpret/output,04-4,yes,yes,no,yes,no/unclear,yes,no-evidence,uncertain,not-selected,no,limited incremental style evidence; status not deprecated,medium
07,07-trajectory/scripts/04-4-lineage-pcurve-pDC.R,04-4-lineage-pcurve-pDC.R,R,75,fit pDC principal curve,load -> choose lineage -> model dynamics -> interpret/output,04-4,yes,yes,no,yes,no/unclear,yes,no-evidence,uncertain,not-selected,no,limited incremental style evidence; status not deprecated,medium
07,07-trajectory/scripts/05-1-dynamic-genes-Mega.R,05-1-dynamic-genes-Mega.R,R,180,fit Mega dynamic genes,load -> choose lineage -> model dynamics -> interpret/output,05-1,yes,no,yes,yes,no/unclear,yes,no-evidence,no-evidence,primary,no,strong linear/scientific-decision evidence,high
07,07-trajectory/scripts/05-2-dynamic-genes-Ery.R,05-2-dynamic-genes-Ery.R,R,138,fit Ery dynamic genes,load -> choose lineage -> model dynamics -> interpret/output,05-2,yes,no,yes,yes,no/unclear,yes,no-evidence,no-evidence,holdout,yes,reserved to test generalization,n/a
07,07-trajectory/scripts/06-nmf-imputation.R,06-nmf-imputation.R,R,78,run NMF-based imputation,load -> choose lineage -> model dynamics -> interpret/output,06,yes,no,no,yes,no/unclear,yes,no-evidence,no-evidence,secondary,no,complementary language or boundary evidence,medium-high
07,07-trajectory/scripts/07-1-dynamic-module-Ery.R,07-1-dynamic-module-Ery.R,R,294,derive Ery dynamic modules,load -> choose lineage -> model dynamics -> interpret/output,07-1,yes,yes,yes,yes,yes,yes,no-evidence,no-evidence,primary,no,strong linear/scientific-decision evidence,high
07,07-trajectory/scripts/07-2-dynamic-module-Mega.R,07-2-dynamic-module-Mega.R,R,277,derive Mega dynamic modules,load -> choose lineage -> model dynamics -> interpret/output,07-2,yes,yes,yes,yes,yes,yes,no-evidence,no-evidence,holdout,yes,reserved to test generalization,n/a
07,07-trajectory/scripts/08-1-gene-module-function-Ery.R,08-1-gene-module-function-Ery.R,R,78,interpret Ery module functions,load -> choose lineage -> model dynamics -> interpret/output,08-1,yes,no,yes,yes,yes,yes,no-evidence,no-evidence,secondary,no,complementary language or boundary evidence,medium-high
07,07-trajectory/scripts/08-2-gene-module-function-Mega.R,08-2-gene-module-function-Mega.R,R,78,interpret Mega module functions,load -> choose lineage -> model dynamics -> interpret/output,08-2,yes,no,yes,yes,yes,yes,no-evidence,no-evidence,not-selected,no,limited incremental style evidence; status not deprecated,medium
07,07-trajectory/scripts/09-1-gene-module-regulators-Ery.R,09-1-gene-module-regulators-Ery.R,R,119,identify Ery module regulators,load -> choose lineage -> model dynamics -> interpret/output,09-1,yes,no,yes,yes,yes,yes,no-evidence,no-evidence,secondary,no,complementary language or boundary evidence,medium-high
07,07-trajectory/scripts/09-2-gene-module-regulators-Mega.R,09-2-gene-module-regulators-Mega.R,R,119,identify Mega module regulators,load -> choose lineage -> model dynamics -> interpret/output,09-2,yes,no,yes,yes,yes,yes,no-evidence,no-evidence,not-selected,no,limited incremental style evidence; status not deprecated,medium
